Participante,Identidad.de.genero,Escolarizacion,Estereotipia,Morfologia,item.nro,item.txt,Aceptabilidad
1,Mujer,universitario,1,1,1,maestros,7
1,Mujer,universitario,1,1,2,alumnos,7
1,Mujer,universitario,1,2,3,abuelos,1
1,Mujer,universitario,1,2,4,hijos,1
1,Mujer,universitario,1,3,5,niños,1
1,Mujer,universitario,1,3,6,hermanos,1
1,Mujer,universitario,2,1,7,enfermeros,7
1,Mujer,universitario,2,1,8,cirujanos,7
1,Mujer,universitario,2,2,9,ingenieros,1
1,Mujer,universitario,2,2,10,arquitectos,1
1,Mujer,universitario,2,3,11,cocineros,1
1,Mujer,universitario,2,3,12,funcionarios,1
1,Mujer,universitario,3,1,13,plomeros,7
1,Mujer,universitario,3,1,14,bomberos,7
1,Mujer,universitario,3,2,15,carpinteros,1
1,Mujer,universitario,3,2,16,herreros,1
1,Mujer,universitario,3,3,17,porteros,1
1,Mujer,universitario,3,3,18,camioneros,1
2,Mujer,secundario/universitario,1,1,1,maestros,1
2,Mujer,secundario/universitario,1,1,2,alumnos,7
2,Mujer,secundario/universitario,1,2,3,abuelos,5
2,Mujer,secundario/universitario,1,2,4,hijos,7
2,Mujer,secundario/universitario,1,3,5,niños,7
2,Mujer,secundario/universitario,1,3,6,hermanos,7
2,Mujer,secundario/universitario,2,1,7,enfermeros,1
2,Mujer,secundario/universitario,2,1,8,cirujanos,1
2,Mujer,secundario/universitario,2,2,9,ingenieros,5
2,Mujer,secundario/universitario,2,2,10,arquitectos,7
2,Mujer,secundario/universitario,2,3,11,cocineros,7
2,Mujer,secundario/universitario,2,3,12,funcionarios,7
2,Mujer,secundario/universitario,3,1,13,plomeros,2
2,Mujer,secundario/universitario,3,1,14,bomberos,2
2,Mujer,secundario/universitario,3,2,15,carpinteros,2
2,Mujer,secundario/universitario,3,2,16,herreros,7
2,Mujer,secundario/universitario,3,3,17,porteros,7
2,Mujer,secundario/universitario,3,3,18,camioneros,7
3,Mujer,secundario/universitario,1,1,1,maestros,7
3,Mujer,secundario/universitario,1,1,2,alumnos,7
3,Mujer,secundario/universitario,1,2,3,abuelos,7
3,Mujer,secundario/universitario,1,2,4,hijos,7
3,Mujer,secundario/universitario,1,3,5,niños,7
3,Mujer,secundario/universitario,1,3,6,hermanos,7
3,Mujer,secundario/universitario,2,1,7,enfermeros,7
3,Mujer,secundario/universitario,2,1,8,cirujanos,7
3,Mujer,secundario/universitario,2,2,9,ingenieros,7
3,Mujer,secundario/universitario,2,2,10,arquitectos,7
3,Mujer,secundario/universitario,2,3,11,cocineros,7
3,Mujer,secundario/universitario,2,3,12,funcionarios,7
3,Mujer,secundario/universitario,3,1,13,plomeros,6
3,Mujer,secundario/universitario,3,1,14,bomberos,7
3,Mujer,secundario/universitario,3,2,15,carpinteros,7
3,Mujer,secundario/universitario,3,2,16,herreros,7
3,Mujer,secundario/universitario,3,3,17,porteros,7
3,Mujer,secundario/universitario,3,3,18,camioneros,7
4,Mujer,universitario,1,1,1,maestros,7
4,Mujer,universitario,1,1,2,alumnos,7
4,Mujer,universitario,1,2,3,abuelos,6
4,Mujer,universitario,1,2,4,hijos,6
4,Mujer,universitario,1,3,5,niños,6
4,Mujer,universitario,1,3,6,hermanos,5
4,Mujer,universitario,2,1,7,enfermeros,7
4,Mujer,universitario,2,1,8,cirujanos,7
4,Mujer,universitario,2,2,9,ingenieros,5
4,Mujer,universitario,2,2,10,arquitectos,6
4,Mujer,universitario,2,3,11,cocineros,5
4,Mujer,universitario,2,3,12,funcionarios,5
4,Mujer,universitario,3,1,13,plomeros,7
4,Mujer,universitario,3,1,14,bomberos,7
4,Mujer,universitario,3,2,15,carpinteros,6
4,Mujer,universitario,3,2,16,herreros,6
4,Mujer,universitario,3,3,17,porteros,5
4,Mujer,universitario,3,3,18,camioneros,5
5,Varon,secundario/universitario,1,1,1,maestros,3
5,Varon,secundario/universitario,1,1,2,alumnos,7
5,Varon,secundario/universitario,1,2,3,abuelos,1
5,Varon,secundario/universitario,1,2,4,hijos,4
5,Varon,secundario/universitario,1,3,5,niños,2
5,Varon,secundario/universitario,1,3,6,hermanos,3
5,Varon,secundario/universitario,2,1,7,enfermeros,4
5,Varon,secundario/universitario,2,1,8,cirujanos,7
5,Varon,secundario/universitario,2,2,9,ingenieros,2
5,Varon,secundario/universitario,2,2,10,arquitectos,2
5,Varon,secundario/universitario,2,3,11,cocineros,2
5,Varon,secundario/universitario,2,3,12,funcionarios,2
5,Varon,secundario/universitario,3,1,13,plomeros,7
5,Varon,secundario/universitario,3,1,14,bomberos,7
5,Varon,secundario/universitario,3,2,15,carpinteros,1
5,Varon,secundario/universitario,3,2,16,herreros,1
5,Varon,secundario/universitario,3,3,17,porteros,2
5,Varon,secundario/universitario,3,3,18,camioneros,2
6,Varon,secundario/universitario,1,1,1,maestros,1
6,Varon,secundario/universitario,1,1,2,alumnos,1
6,Varon,secundario/universitario,1,2,3,abuelos,7
6,Varon,secundario/universitario,1,2,4,hijos,7
6,Varon,secundario/universitario,1,3,5,niños,7
6,Varon,secundario/universitario,1,3,6,hermanos,7
6,Varon,secundario/universitario,2,1,7,enfermeros,1
6,Varon,secundario/universitario,2,1,8,cirujanos,1
6,Varon,secundario/universitario,2,2,9,ingenieros,7
6,Varon,secundario/universitario,2,2,10,arquitectos,7
6,Varon,secundario/universitario,2,3,11,cocineros,7
6,Varon,secundario/universitario,2,3,12,funcionarios,7
6,Varon,secundario/universitario,3,1,13,plomeros,1
6,Varon,secundario/universitario,3,1,14,bomberos,1
6,Varon,secundario/universitario,3,2,15,carpinteros,7
6,Varon,secundario/universitario,3,2,16,herreros,7
6,Varon,secundario/universitario,3,3,17,porteros,7
6,Varon,secundario/universitario,3,3,18,camioneros,7
7,Mujer,universitario,1,1,1,maestros,7
7,Mujer,universitario,1,1,2,alumnos,7
7,Mujer,universitario,1,2,3,abuelos,7
7,Mujer,universitario,1,2,4,hijos,7
7,Mujer,universitario,1,3,5,niños,7
7,Mujer,universitario,1,3,6,hermanos,7
7,Mujer,universitario,2,1,7,enfermeros,7
7,Mujer,universitario,2,1,8,cirujanos,7
7,Mujer,universitario,2,2,9,ingenieros,7
7,Mujer,universitario,2,2,10,arquitectos,7
7,Mujer,universitario,2,3,11,cocineros,7
7,Mujer,universitario,2,3,12,funcionarios,5
7,Mujer,universitario,3,1,13,plomeros,7
7,Mujer,universitario,3,1,14,bomberos,7
7,Mujer,universitario,3,2,15,carpinteros,6
7,Mujer,universitario,3,2,16,herreros,7
7,Mujer,universitario,3,3,17,porteros,5
7,Mujer,universitario,3,3,18,camioneros,4
8,Mujer,secundario/universitario,1,1,1,maestros,7
8,Mujer,secundario/universitario,1,1,2,alumnos,7
8,Mujer,secundario/universitario,1,2,3,abuelos,2
8,Mujer,secundario/universitario,1,2,4,hijos,2
8,Mujer,secundario/universitario,1,3,5,niños,3
8,Mujer,secundario/universitario,1,3,6,hermanos,3
8,Mujer,secundario/universitario,2,1,7,enfermeros,3
8,Mujer,secundario/universitario,2,1,8,cirujanos,7
8,Mujer,secundario/universitario,2,2,9,ingenieros,2
8,Mujer,secundario/universitario,2,2,10,arquitectos,2
8,Mujer,secundario/universitario,2,3,11,cocineros,3
8,Mujer,secundario/universitario,2,3,12,funcionarios,2
8,Mujer,secundario/universitario,3,1,13,plomeros,7
8,Mujer,secundario/universitario,3,1,14,bomberos,7
8,Mujer,secundario/universitario,3,2,15,carpinteros,2
8,Mujer,secundario/universitario,3,2,16,herreros,2
8,Mujer,secundario/universitario,3,3,17,porteros,2
8,Mujer,secundario/universitario,3,3,18,camioneros,2
9,Mujer,universitario,1,1,1,maestros,7
9,Mujer,universitario,1,1,2,alumnos,7
9,Mujer,universitario,1,2,3,abuelos,1
9,Mujer,universitario,1,2,4,hijos,1
9,Mujer,universitario,1,3,5,niños,7
9,Mujer,universitario,1,3,6,hermanos,7
9,Mujer,universitario,2,1,7,enfermeros,7
9,Mujer,universitario,2,1,8,cirujanos,7
9,Mujer,universitario,2,2,9,ingenieros,1
9,Mujer,universitario,2,2,10,arquitectos,1
9,Mujer,universitario,2,3,11,cocineros,7
9,Mujer,universitario,2,3,12,funcionarios,7
9,Mujer,universitario,3,1,13,plomeros,7
9,Mujer,universitario,3,1,14,bomberos,7
9,Mujer,universitario,3,2,15,carpinteros,1
9,Mujer,universitario,3,2,16,herreros,1
9,Mujer,universitario,3,3,17,porteros,7
9,Mujer,universitario,3,3,18,camioneros,7
10,Mujer,secundario/universitario,1,1,1,maestros,1
10,Mujer,secundario/universitario,1,1,2,alumnos,1
10,Mujer,secundario/universitario,1,2,3,abuelos,5
10,Mujer,secundario/universitario,1,2,4,hijos,3
10,Mujer,secundario/universitario,1,3,5,niños,7
10,Mujer,secundario/universitario,1,3,6,hermanos,7
10,Mujer,secundario/universitario,2,1,7,enfermeros,1
10,Mujer,secundario/universitario,2,1,8,cirujanos,1
10,Mujer,secundario/universitario,2,2,9,ingenieros,4
10,Mujer,secundario/universitario,2,2,10,arquitectos,5
10,Mujer,secundario/universitario,2,3,11,cocineros,7
10,Mujer,secundario/universitario,2,3,12,funcionarios,7
10,Mujer,secundario/universitario,3,1,13,plomeros,1
10,Mujer,secundario/universitario,3,1,14,bomberos,1
10,Mujer,secundario/universitario,3,2,15,carpinteros,5
10,Mujer,secundario/universitario,3,2,16,herreros,5
10,Mujer,secundario/universitario,3,3,17,porteros,7
10,Mujer,secundario/universitario,3,3,18,camioneros,7
11,Varon,secundario/universitario,1,1,1,maestros,7
11,Varon,secundario/universitario,1,1,2,alumnos,7
11,Varon,secundario/universitario,1,2,3,abuelos,1
11,Varon,secundario/universitario,1,2,4,hijos,1
11,Varon,secundario/universitario,1,3,5,niños,1
11,Varon,secundario/universitario,1,3,6,hermanos,1
11,Varon,secundario/universitario,2,1,7,enfermeros,7
11,Varon,secundario/universitario,2,1,8,cirujanos,7
11,Varon,secundario/universitario,2,2,9,ingenieros,1
11,Varon,secundario/universitario,2,2,10,arquitectos,1
11,Varon,secundario/universitario,2,3,11,cocineros,1
11,Varon,secundario/universitario,2,3,12,funcionarios,1
11,Varon,secundario/universitario,3,1,13,plomeros,7
11,Varon,secundario/universitario,3,1,14,bomberos,7
11,Varon,secundario/universitario,3,2,15,carpinteros,1
11,Varon,secundario/universitario,3,2,16,herreros,1
11,Varon,secundario/universitario,3,3,17,porteros,1
11,Varon,secundario/universitario,3,3,18,camioneros,1
12,Mujer,universitario,1,1,1,maestros,5
12,Mujer,universitario,1,1,2,alumnos,5
12,Mujer,universitario,1,2,3,abuelos,1
12,Mujer,universitario,1,2,4,hijos,1
12,Mujer,universitario,1,3,5,niños,1
12,Mujer,universitario,1,3,6,hermanos,1
12,Mujer,universitario,2,1,7,enfermeros,5
12,Mujer,universitario,2,1,8,cirujanos,5
12,Mujer,universitario,2,2,9,ingenieros,1
12,Mujer,universitario,2,2,10,arquitectos,1
12,Mujer,universitario,2,3,11,cocineros,1
12,Mujer,universitario,2,3,12,funcionarios,1
12,Mujer,universitario,3,1,13,plomeros,5
12,Mujer,universitario,3,1,14,bomberos,5
12,Mujer,universitario,3,2,15,carpinteros,1
12,Mujer,universitario,3,2,16,herreros,1
12,Mujer,universitario,3,3,17,porteros,1
12,Mujer,universitario,3,3,18,camioneros,1
13,Mujer,universitario,1,1,1,maestros,4
13,Mujer,universitario,1,1,2,alumnos,4
13,Mujer,universitario,1,2,3,abuelos,5
13,Mujer,universitario,1,2,4,hijos,5
13,Mujer,universitario,1,3,5,niños,7
13,Mujer,universitario,1,3,6,hermanos,7
13,Mujer,universitario,2,1,7,enfermeros,4
13,Mujer,universitario,2,1,8,cirujanos,3
13,Mujer,universitario,2,2,9,ingenieros,5
13,Mujer,universitario,2,2,10,arquitectos,5
13,Mujer,universitario,2,3,11,cocineros,7
13,Mujer,universitario,2,3,12,funcionarios,7
13,Mujer,universitario,3,1,13,plomeros,3
13,Mujer,universitario,3,1,14,bomberos,3
13,Mujer,universitario,3,2,15,carpinteros,5
13,Mujer,universitario,3,2,16,herreros,5
13,Mujer,universitario,3,3,17,porteros,7
13,Mujer,universitario,3,3,18,camioneros,7
14,Mujer,secundario/universitario,1,1,1,maestros,7
14,Mujer,secundario/universitario,1,1,2,alumnos,7
14,Mujer,secundario/universitario,1,2,3,abuelos,1
14,Mujer,secundario/universitario,1,2,4,hijos,1
14,Mujer,secundario/universitario,1,3,5,niños,1
14,Mujer,secundario/universitario,1,3,6,hermanos,1
14,Mujer,secundario/universitario,2,1,7,enfermeros,7
14,Mujer,secundario/universitario,2,1,8,cirujanos,7
14,Mujer,secundario/universitario,2,2,9,ingenieros,1
14,Mujer,secundario/universitario,2,2,10,arquitectos,1
14,Mujer,secundario/universitario,2,3,11,cocineros,1
14,Mujer,secundario/universitario,2,3,12,funcionarios,1
14,Mujer,secundario/universitario,3,1,13,plomeros,7
14,Mujer,secundario/universitario,3,1,14,bomberos,7
14,Mujer,secundario/universitario,3,2,15,carpinteros,1
14,Mujer,secundario/universitario,3,2,16,herreros,1
14,Mujer,secundario/universitario,3,3,17,porteros,1
14,Mujer,secundario/universitario,3,3,18,camioneros,1
15,Varon,secundario/universitario,1,1,1,maestros,1
15,Varon,secundario/universitario,1,1,2,alumnos,7
15,Varon,secundario/universitario,1,2,3,abuelos,1
15,Varon,secundario/universitario,1,2,4,hijos,1
15,Varon,secundario/universitario,1,3,5,niños,1
15,Varon,secundario/universitario,1,3,6,hermanos,1
15,Varon,secundario/universitario,2,1,7,enfermeros,7
15,Varon,secundario/universitario,2,1,8,cirujanos,7
15,Varon,secundario/universitario,2,2,9,ingenieros,1
15,Varon,secundario/universitario,2,2,10,arquitectos,1
15,Varon,secundario/universitario,2,3,11,cocineros,1
15,Varon,secundario/universitario,2,3,12,funcionarios,1
15,Varon,secundario/universitario,3,1,13,plomeros,7
15,Varon,secundario/universitario,3,1,14,bomberos,7
15,Varon,secundario/universitario,3,2,15,carpinteros,1
15,Varon,secundario/universitario,3,2,16,herreros,1
15,Varon,secundario/universitario,3,3,17,porteros,1
15,Varon,secundario/universitario,3,3,18,camioneros,1
16,Mujer,universitario,1,1,1,maestros,7
16,Mujer,universitario,1,1,2,alumnos,7
16,Mujer,universitario,1,2,3,abuelos,3
16,Mujer,universitario,1,2,4,hijos,4
16,Mujer,universitario,1,3,5,niños,7
16,Mujer,universitario,1,3,6,hermanos,7
16,Mujer,universitario,2,1,7,enfermeros,2
16,Mujer,universitario,2,1,8,cirujanos,7
16,Mujer,universitario,2,2,9,ingenieros,3
16,Mujer,universitario,2,2,10,arquitectos,2
16,Mujer,universitario,2,3,11,cocineros,2
16,Mujer,universitario,2,3,12,funcionarios,2
16,Mujer,universitario,3,1,13,plomeros,7
16,Mujer,universitario,3,1,14,bomberos,7
16,Mujer,universitario,3,2,15,carpinteros,1
16,Mujer,universitario,3,2,16,herreros,2
16,Mujer,universitario,3,3,17,porteros,2
16,Mujer,universitario,3,3,18,camioneros,1
17,Mujer,secundario/universitario,1,1,1,maestros,7
17,Mujer,secundario/universitario,1,1,2,alumnos,7
17,Mujer,secundario/universitario,1,2,3,abuelos,1
17,Mujer,secundario/universitario,1,2,4,hijos,1
17,Mujer,secundario/universitario,1,3,5,niños,5
17,Mujer,secundario/universitario,1,3,6,hermanos,1
17,Mujer,secundario/universitario,2,1,7,enfermeros,7
17,Mujer,secundario/universitario,2,1,8,cirujanos,7
17,Mujer,secundario/universitario,2,2,9,ingenieros,1
17,Mujer,secundario/universitario,2,2,10,arquitectos,1
17,Mujer,secundario/universitario,2,3,11,cocineros,1
17,Mujer,secundario/universitario,2,3,12,funcionarios,1
17,Mujer,secundario/universitario,3,1,13,plomeros,7
17,Mujer,secundario/universitario,3,1,14,bomberos,7
17,Mujer,secundario/universitario,3,2,15,carpinteros,1
17,Mujer,secundario/universitario,3,2,16,herreros,1
17,Mujer,secundario/universitario,3,3,17,porteros,1
17,Mujer,secundario/universitario,3,3,18,camioneros,1
18,Mujer,secundario/universitario,1,1,1,maestros,4
18,Mujer,secundario/universitario,1,1,2,alumnos,4
18,Mujer,secundario/universitario,1,2,3,abuelos,1
18,Mujer,secundario/universitario,1,2,4,hijos,4
18,Mujer,secundario/universitario,1,3,5,niños,7
18,Mujer,secundario/universitario,1,3,6,hermanos,7
18,Mujer,secundario/universitario,2,1,7,enfermeros,2
18,Mujer,secundario/universitario,2,1,8,cirujanos,3
18,Mujer,secundario/universitario,2,2,9,ingenieros,1
18,Mujer,secundario/universitario,2,2,10,arquitectos,5
18,Mujer,secundario/universitario,2,3,11,cocineros,1
18,Mujer,secundario/universitario,2,3,12,funcionarios,7
18,Mujer,secundario/universitario,3,1,13,plomeros,5
18,Mujer,secundario/universitario,3,1,14,bomberos,3
18,Mujer,secundario/universitario,3,2,15,carpinteros,3
18,Mujer,secundario/universitario,3,2,16,herreros,3
18,Mujer,secundario/universitario,3,3,17,porteros,3
18,Mujer,secundario/universitario,3,3,18,camioneros,5
19,Mujer,universitario,1,1,1,maestros,2
19,Mujer,universitario,1,1,2,alumnos,2
19,Mujer,universitario,1,2,3,abuelos,4
19,Mujer,universitario,1,2,4,hijos,4
19,Mujer,universitario,1,3,5,niños,7
19,Mujer,universitario,1,3,6,hermanos,7
19,Mujer,universitario,2,1,7,enfermeros,2
19,Mujer,universitario,2,1,8,cirujanos,1
19,Mujer,universitario,2,2,9,ingenieros,3
19,Mujer,universitario,2,2,10,arquitectos,4
19,Mujer,universitario,2,3,11,cocineros,7
19,Mujer,universitario,2,3,12,funcionarios,7
19,Mujer,universitario,3,1,13,plomeros,1
19,Mujer,universitario,3,1,14,bomberos,2
19,Mujer,universitario,3,2,15,carpinteros,4
19,Mujer,universitario,3,2,16,herreros,4
19,Mujer,universitario,3,3,17,porteros,7
19,Mujer,universitario,3,3,18,camioneros,7
20,Mujer,secundario/universitario,1,1,1,maestros,1
20,Mujer,secundario/universitario,1,1,2,alumnos,1
20,Mujer,secundario/universitario,1,2,3,abuelos,7
20,Mujer,secundario/universitario,1,2,4,hijos,7
20,Mujer,secundario/universitario,1,3,5,niños,7
20,Mujer,secundario/universitario,1,3,6,hermanos,7
20,Mujer,secundario/universitario,2,1,7,enfermeros,1
20,Mujer,secundario/universitario,2,1,8,cirujanos,1
20,Mujer,secundario/universitario,2,2,9,ingenieros,7
20,Mujer,secundario/universitario,2,2,10,arquitectos,7
20,Mujer,secundario/universitario,2,3,11,cocineros,7
20,Mujer,secundario/universitario,2,3,12,funcionarios,7
20,Mujer,secundario/universitario,3,1,13,plomeros,1
20,Mujer,secundario/universitario,3,1,14,bomberos,1
20,Mujer,secundario/universitario,3,2,15,carpinteros,7
20,Mujer,secundario/universitario,3,2,16,herreros,7
20,Mujer,secundario/universitario,3,3,17,porteros,7
20,Mujer,secundario/universitario,3,3,18,camioneros,7
21,Varon,universitario,1,1,1,maestros,7
21,Varon,universitario,1,1,2,alumnos,7
21,Varon,universitario,1,2,3,abuelos,1
21,Varon,universitario,1,2,4,hijos,1
21,Varon,universitario,1,3,5,niños,3
21,Varon,universitario,1,3,6,hermanos,3
21,Varon,universitario,2,1,7,enfermeros,6
21,Varon,universitario,2,1,8,cirujanos,6
21,Varon,universitario,2,2,9,ingenieros,1
21,Varon,universitario,2,2,10,arquitectos,1
21,Varon,universitario,2,3,11,cocineros,3
21,Varon,universitario,2,3,12,funcionarios,2
21,Varon,universitario,3,1,13,plomeros,6
21,Varon,universitario,3,1,14,bomberos,6
21,Varon,universitario,3,2,15,carpinteros,1
21,Varon,universitario,3,2,16,herreros,1
21,Varon,universitario,3,3,17,porteros,2
21,Varon,universitario,3,3,18,camioneros,2
22,Varon,secundario/universitario,1,1,1,maestros,7
22,Varon,secundario/universitario,1,1,2,alumnos,7
22,Varon,secundario/universitario,1,2,3,abuelos,1
22,Varon,secundario/universitario,1,2,4,hijos,1
22,Varon,secundario/universitario,1,3,5,niños,1
22,Varon,secundario/universitario,1,3,6,hermanos,1
22,Varon,secundario/universitario,2,1,7,enfermeros,7
22,Varon,secundario/universitario,2,1,8,cirujanos,7
22,Varon,secundario/universitario,2,2,9,ingenieros,1
22,Varon,secundario/universitario,2,2,10,arquitectos,1
22,Varon,secundario/universitario,2,3,11,cocineros,1
22,Varon,secundario/universitario,2,3,12,funcionarios,1
22,Varon,secundario/universitario,3,1,13,plomeros,7
22,Varon,secundario/universitario,3,1,14,bomberos,7
22,Varon,secundario/universitario,3,2,15,carpinteros,1
22,Varon,secundario/universitario,3,2,16,herreros,1
22,Varon,secundario/universitario,3,3,17,porteros,1
22,Varon,secundario/universitario,3,3,18,camioneros,1
23,Mujer,secundario/universitario,1,1,1,maestros,7
23,Mujer,secundario/universitario,1,1,2,alumnos,7
23,Mujer,secundario/universitario,1,2,3,abuelos,2
23,Mujer,secundario/universitario,1,2,4,hijos,1
23,Mujer,secundario/universitario,1,3,5,niños,6
23,Mujer,secundario/universitario,1,3,6,hermanos,5
23,Mujer,secundario/universitario,2,1,7,enfermeros,7
23,Mujer,secundario/universitario,2,1,8,cirujanos,7
23,Mujer,secundario/universitario,2,2,9,ingenieros,3
23,Mujer,secundario/universitario,2,2,10,arquitectos,1
23,Mujer,secundario/universitario,2,3,11,cocineros,1
23,Mujer,secundario/universitario,2,3,12,funcionarios,4
23,Mujer,secundario/universitario,3,1,13,plomeros,7
23,Mujer,secundario/universitario,3,1,14,bomberos,7
23,Mujer,secundario/universitario,3,2,15,carpinteros,1
23,Mujer,secundario/universitario,3,2,16,herreros,1
23,Mujer,secundario/universitario,3,3,17,porteros,1
23,Mujer,secundario/universitario,3,3,18,camioneros,1
24,Mujer,secundario/universitario,1,1,1,maestros,7
24,Mujer,secundario/universitario,1,1,2,alumnos,7
24,Mujer,secundario/universitario,1,2,3,abuelos,5
24,Mujer,secundario/universitario,1,2,4,hijos,5
24,Mujer,secundario/universitario,1,3,5,niños,1
24,Mujer,secundario/universitario,1,3,6,hermanos,1
24,Mujer,secundario/universitario,2,1,7,enfermeros,7
24,Mujer,secundario/universitario,2,1,8,cirujanos,7
24,Mujer,secundario/universitario,2,2,9,ingenieros,5
24,Mujer,secundario/universitario,2,2,10,arquitectos,5
24,Mujer,secundario/universitario,2,3,11,cocineros,1
24,Mujer,secundario/universitario,2,3,12,funcionarios,1
24,Mujer,secundario/universitario,3,1,13,plomeros,7
24,Mujer,secundario/universitario,3,1,14,bomberos,7
24,Mujer,secundario/universitario,3,2,15,carpinteros,5
24,Mujer,secundario/universitario,3,2,16,herreros,5
24,Mujer,secundario/universitario,3,3,17,porteros,1
24,Mujer,secundario/universitario,3,3,18,camioneros,1
25,Mujer,universitario,1,1,1,maestros,1
25,Mujer,universitario,1,1,2,alumnos,1
25,Mujer,universitario,1,2,3,abuelos,7
25,Mujer,universitario,1,2,4,hijos,7
25,Mujer,universitario,1,3,5,niños,7
25,Mujer,universitario,1,3,6,hermanos,7
25,Mujer,universitario,2,1,7,enfermeros,1
25,Mujer,universitario,2,1,8,cirujanos,1
25,Mujer,universitario,2,2,9,ingenieros,7
25,Mujer,universitario,2,2,10,arquitectos,7
25,Mujer,universitario,2,3,11,cocineros,7
25,Mujer,universitario,2,3,12,funcionarios,7
25,Mujer,universitario,3,1,13,plomeros,1
25,Mujer,universitario,3,1,14,bomberos,1
25,Mujer,universitario,3,2,15,carpinteros,7
25,Mujer,universitario,3,2,16,herreros,7
25,Mujer,universitario,3,3,17,porteros,7
25,Mujer,universitario,3,3,18,camioneros,7
26,Varon,universitario,1,1,19,niños,7
26,Varon,universitario,1,1,20,hermanos,7
26,Varon,universitario,1,2,21,maestros ,5
26,Varon,universitario,1,2,22,alumnos,5
26,Varon,universitario,1,3,23,abuelos,1
26,Varon,universitario,1,3,24,hijos,1
26,Varon,universitario,2,1,25,cocineros ,3
26,Varon,universitario,2,1,26,funcionarios,3
26,Varon,universitario,2,2,27,enfermeros,3
26,Varon,universitario,2,2,28,cirujanos,1
26,Varon,universitario,2,3,29,ingenieros,1
26,Varon,universitario,2,3,30,arquitectos,1
26,Varon,universitario,3,1,31,porteros,3
26,Varon,universitario,3,1,32,camioneros,3
26,Varon,universitario,3,2,33,plomeros,1
26,Varon,universitario,3,2,34,bomberos,1
26,Varon,universitario,3,3,35,carpinteros ,1
26,Varon,universitario,3,3,36,herreros,1
27,Varon,universitario,1,1,19,niños,7
27,Varon,universitario,1,1,20,hermanos,7
27,Varon,universitario,1,2,21,maestros ,6
27,Varon,universitario,1,2,22,alumnos,6
27,Varon,universitario,1,3,23,abuelos,6
27,Varon,universitario,1,3,24,hijos,7
27,Varon,universitario,2,1,25,cocineros ,7
27,Varon,universitario,2,1,26,funcionarios,7
27,Varon,universitario,2,2,27,enfermeros,6
27,Varon,universitario,2,2,28,cirujanos,5
27,Varon,universitario,2,3,29,ingenieros,6
27,Varon,universitario,2,3,30,arquitectos,5
27,Varon,universitario,3,1,31,porteros,6
27,Varon,universitario,3,1,32,camioneros,7
27,Varon,universitario,3,2,33,plomeros,5
27,Varon,universitario,3,2,34,bomberos,4
27,Varon,universitario,3,3,35,carpinteros ,4
27,Varon,universitario,3,3,36,herreros,2
28,Mujer,secundario/universitario,1,1,19,niños,1
28,Mujer,secundario/universitario,1,1,20,hermanos,1
28,Mujer,secundario/universitario,1,2,21,maestros ,1
28,Mujer,secundario/universitario,1,2,22,alumnos,1
28,Mujer,secundario/universitario,1,3,23,abuelos,7
28,Mujer,secundario/universitario,1,3,24,hijos,7
28,Mujer,secundario/universitario,2,1,25,cocineros ,1
28,Mujer,secundario/universitario,2,1,26,funcionarios,1
28,Mujer,secundario/universitario,2,2,27,enfermeros,1
28,Mujer,secundario/universitario,2,2,28,cirujanos,1
28,Mujer,secundario/universitario,2,3,29,ingenieros,7
28,Mujer,secundario/universitario,2,3,30,arquitectos,7
28,Mujer,secundario/universitario,3,1,31,porteros,1
28,Mujer,secundario/universitario,3,1,32,camioneros,1
28,Mujer,secundario/universitario,3,2,33,plomeros,1
28,Mujer,secundario/universitario,3,2,34,bomberos,1
28,Mujer,secundario/universitario,3,3,35,carpinteros ,7
28,Mujer,secundario/universitario,3,3,36,herreros,7
29,Varon,secundario/universitario,1,1,19,niños,7
29,Varon,secundario/universitario,1,1,20,hermanos,7
29,Varon,secundario/universitario,1,2,21,maestros ,1
29,Varon,secundario/universitario,1,2,22,alumnos,1
29,Varon,secundario/universitario,1,3,23,abuelos,1
29,Varon,secundario/universitario,1,3,24,hijos,1
29,Varon,secundario/universitario,2,1,25,cocineros ,7
29,Varon,secundario/universitario,2,1,26,funcionarios,7
29,Varon,secundario/universitario,2,2,27,enfermeros,1
29,Varon,secundario/universitario,2,2,28,cirujanos,1
29,Varon,secundario/universitario,2,3,29,ingenieros,1
29,Varon,secundario/universitario,2,3,30,arquitectos,1
29,Varon,secundario/universitario,3,1,31,porteros,7
29,Varon,secundario/universitario,3,1,32,camioneros,7
29,Varon,secundario/universitario,3,2,33,plomeros,1
29,Varon,secundario/universitario,3,2,34,bomberos,1
29,Varon,secundario/universitario,3,3,35,carpinteros ,1
29,Varon,secundario/universitario,3,3,36,herreros,1
30,Mujer,secundario/universitario,1,1,19,niños,7
30,Mujer,secundario/universitario,1,1,20,hermanos,7
30,Mujer,secundario/universitario,1,2,21,maestros ,1
30,Mujer,secundario/universitario,1,2,22,alumnos,1
30,Mujer,secundario/universitario,1,3,23,abuelos,2
30,Mujer,secundario/universitario,1,3,24,hijos,1
30,Mujer,secundario/universitario,2,1,25,cocineros ,7
30,Mujer,secundario/universitario,2,1,26,funcionarios,3
30,Mujer,secundario/universitario,2,2,27,enfermeros,1
30,Mujer,secundario/universitario,2,2,28,cirujanos,7
30,Mujer,secundario/universitario,2,3,29,ingenieros,1
30,Mujer,secundario/universitario,2,3,30,arquitectos,7
30,Mujer,secundario/universitario,3,1,31,porteros,4
30,Mujer,secundario/universitario,3,1,32,camioneros,7
30,Mujer,secundario/universitario,3,2,33,plomeros,7
30,Mujer,secundario/universitario,3,2,34,bomberos,7
30,Mujer,secundario/universitario,3,3,35,carpinteros ,7
30,Mujer,secundario/universitario,3,3,36,herreros,1
31,Mujer,secundario/universitario,1,1,19,niños,3
31,Mujer,secundario/universitario,1,1,20,hermanos,3
31,Mujer,secundario/universitario,1,2,21,maestros ,3
31,Mujer,secundario/universitario,1,2,22,alumnos,3
31,Mujer,secundario/universitario,1,3,23,abuelos,5
31,Mujer,secundario/universitario,1,3,24,hijos,4
31,Mujer,secundario/universitario,2,1,25,cocineros ,5
31,Mujer,secundario/universitario,2,1,26,funcionarios,3
31,Mujer,secundario/universitario,2,2,27,enfermeros,3
31,Mujer,secundario/universitario,2,2,28,cirujanos,5
31,Mujer,secundario/universitario,2,3,29,ingenieros,2
31,Mujer,secundario/universitario,2,3,30,arquitectos,6
31,Mujer,secundario/universitario,3,1,31,porteros,6
31,Mujer,secundario/universitario,3,1,32,camioneros,3
31,Mujer,secundario/universitario,3,2,33,plomeros,5
31,Mujer,secundario/universitario,3,2,34,bomberos,3
31,Mujer,secundario/universitario,3,3,35,carpinteros ,2
31,Mujer,secundario/universitario,3,3,36,herreros,5
32,Mujer,secundario/universitario,1,1,19,niños,1
32,Mujer,secundario/universitario,1,1,20,hermanos,1
32,Mujer,secundario/universitario,1,2,21,maestros ,7
32,Mujer,secundario/universitario,1,2,22,alumnos,7
32,Mujer,secundario/universitario,1,3,23,abuelos,7
32,Mujer,secundario/universitario,1,3,24,hijos,7
32,Mujer,secundario/universitario,2,1,25,cocineros ,1
32,Mujer,secundario/universitario,2,1,26,funcionarios,1
32,Mujer,secundario/universitario,2,2,27,enfermeros,7
32,Mujer,secundario/universitario,2,2,28,cirujanos,7
32,Mujer,secundario/universitario,2,3,29,ingenieros,7
32,Mujer,secundario/universitario,2,3,30,arquitectos,7
32,Mujer,secundario/universitario,3,1,31,porteros,1
32,Mujer,secundario/universitario,3,1,32,camioneros,1
32,Mujer,secundario/universitario,3,2,33,plomeros,7
32,Mujer,secundario/universitario,3,2,34,bomberos,7
32,Mujer,secundario/universitario,3,3,35,carpinteros ,7
32,Mujer,secundario/universitario,3,3,36,herreros,7
33,Mujer,universitario,1,1,19,niños,1
33,Mujer,universitario,1,1,20,hermanos,1
33,Mujer,universitario,1,2,21,maestros ,5
33,Mujer,universitario,1,2,22,alumnos,5
33,Mujer,universitario,1,3,23,abuelos,7
33,Mujer,universitario,1,3,24,hijos,7
33,Mujer,universitario,2,1,25,cocineros ,1
33,Mujer,universitario,2,1,26,funcionarios,1
33,Mujer,universitario,2,2,27,enfermeros,5
33,Mujer,universitario,2,2,28,cirujanos,5
33,Mujer,universitario,2,3,29,ingenieros,7
33,Mujer,universitario,2,3,30,arquitectos,7
33,Mujer,universitario,3,1,31,porteros,1
33,Mujer,universitario,3,1,32,camioneros,1
33,Mujer,universitario,3,2,33,plomeros,5
33,Mujer,universitario,3,2,34,bomberos,5
33,Mujer,universitario,3,3,35,carpinteros ,7
33,Mujer,universitario,3,3,36,herreros,7
34,Mujer,universitario,1,1,19,niños,7
34,Mujer,universitario,1,1,20,hermanos,7
34,Mujer,universitario,1,2,21,maestros ,6
34,Mujer,universitario,1,2,22,alumnos,6
34,Mujer,universitario,1,3,23,abuelos,1
34,Mujer,universitario,1,3,24,hijos,3
34,Mujer,universitario,2,1,25,cocineros ,7
34,Mujer,universitario,2,1,26,funcionarios,6
34,Mujer,universitario,2,2,27,enfermeros,3
34,Mujer,universitario,2,2,28,cirujanos,4
34,Mujer,universitario,2,3,29,ingenieros,1
34,Mujer,universitario,2,3,30,arquitectos,1
34,Mujer,universitario,3,1,31,porteros,1
34,Mujer,universitario,3,1,32,camioneros,1
34,Mujer,universitario,3,2,33,plomeros,1
34,Mujer,universitario,3,2,34,bomberos,3
34,Mujer,universitario,3,3,35,carpinteros ,1
34,Mujer,universitario,3,3,36,herreros,1
35,Mujer,secundario/universitario,1,1,19,niños,7
35,Mujer,secundario/universitario,1,1,20,hermanos,7
35,Mujer,secundario/universitario,1,2,21,maestros ,1
35,Mujer,secundario/universitario,1,2,22,alumnos,4
35,Mujer,secundario/universitario,1,3,23,abuelos,1
35,Mujer,secundario/universitario,1,3,24,hijos,4
35,Mujer,secundario/universitario,2,1,25,cocineros ,7
35,Mujer,secundario/universitario,2,1,26,funcionarios,7
35,Mujer,secundario/universitario,2,2,27,enfermeros,1
35,Mujer,secundario/universitario,2,2,28,cirujanos,1
35,Mujer,secundario/universitario,2,3,29,ingenieros,4
35,Mujer,secundario/universitario,2,3,30,arquitectos,1
35,Mujer,secundario/universitario,3,1,31,porteros,1
35,Mujer,secundario/universitario,3,1,32,camioneros,7
35,Mujer,secundario/universitario,3,2,33,plomeros,1
35,Mujer,secundario/universitario,3,2,34,bomberos,4
35,Mujer,secundario/universitario,3,3,35,carpinteros ,1
35,Mujer,secundario/universitario,3,3,36,herreros,1
36,Varon,universitario,1,1,19,niños,1
36,Varon,universitario,1,1,20,hermanos,1
36,Varon,universitario,1,2,21,maestros ,7
36,Varon,universitario,1,2,22,alumnos,7
36,Varon,universitario,1,3,23,abuelos,7
36,Varon,universitario,1,3,24,hijos,7
36,Varon,universitario,2,1,25,cocineros ,1
36,Varon,universitario,2,1,26,funcionarios,1
36,Varon,universitario,2,2,27,enfermeros,7
36,Varon,universitario,2,2,28,cirujanos,7
36,Varon,universitario,2,3,29,ingenieros,7
36,Varon,universitario,2,3,30,arquitectos,7
36,Varon,universitario,3,1,31,porteros,1
36,Varon,universitario,3,1,32,camioneros,1
36,Varon,universitario,3,2,33,plomeros,7
36,Varon,universitario,3,2,34,bomberos,7
36,Varon,universitario,3,3,35,carpinteros ,7
36,Varon,universitario,3,3,36,herreros,7
37,Varon,universitario,1,1,19,niños,6
37,Varon,universitario,1,1,20,hermanos,6
37,Varon,universitario,1,2,21,maestros ,6
37,Varon,universitario,1,2,22,alumnos,7
37,Varon,universitario,1,3,23,abuelos,4
37,Varon,universitario,1,3,24,hijos,6
37,Varon,universitario,2,1,25,cocineros ,5
37,Varon,universitario,2,1,26,funcionarios,6
37,Varon,universitario,2,2,27,enfermeros,6
37,Varon,universitario,2,2,28,cirujanos,3
37,Varon,universitario,2,3,29,ingenieros,4
37,Varon,universitario,2,3,30,arquitectos,4
37,Varon,universitario,3,1,31,porteros,6
37,Varon,universitario,3,1,32,camioneros,5
37,Varon,universitario,3,2,33,plomeros,2
37,Varon,universitario,3,2,34,bomberos,4
37,Varon,universitario,3,3,35,carpinteros ,2
37,Varon,universitario,3,3,36,herreros,1
38,Varon,secundario/universitario,1,1,19,niños,7
38,Varon,secundario/universitario,1,1,20,hermanos,7
38,Varon,secundario/universitario,1,2,21,maestros ,7
38,Varon,secundario/universitario,1,2,22,alumnos,7
38,Varon,secundario/universitario,1,3,23,abuelos,1
38,Varon,secundario/universitario,1,3,24,hijos,1
38,Varon,secundario/universitario,2,1,25,cocineros ,7
38,Varon,secundario/universitario,2,1,26,funcionarios,7
38,Varon,secundario/universitario,2,2,27,enfermeros,7
38,Varon,secundario/universitario,2,2,28,cirujanos,7
38,Varon,secundario/universitario,2,3,29,ingenieros,1
38,Varon,secundario/universitario,2,3,30,arquitectos,1
38,Varon,secundario/universitario,3,1,31,porteros,7
38,Varon,secundario/universitario,3,1,32,camioneros,7
38,Varon,secundario/universitario,3,2,33,plomeros,7
38,Varon,secundario/universitario,3,2,34,bomberos,7
38,Varon,secundario/universitario,3,3,35,carpinteros ,1
38,Varon,secundario/universitario,3,3,36,herreros,1
39,Varon,universitario,1,1,19,niños,7
39,Varon,universitario,1,1,20,hermanos,7
39,Varon,universitario,1,2,21,maestros ,5
39,Varon,universitario,1,2,22,alumnos,7
39,Varon,universitario,1,3,23,abuelos,4
39,Varon,universitario,1,3,24,hijos,7
39,Varon,universitario,2,1,25,cocineros ,7
39,Varon,universitario,2,1,26,funcionarios,7
39,Varon,universitario,2,2,27,enfermeros,6
39,Varon,universitario,2,2,28,cirujanos,3
39,Varon,universitario,2,3,29,ingenieros,7
39,Varon,universitario,2,3,30,arquitectos,5
39,Varon,universitario,3,1,31,porteros,7
39,Varon,universitario,3,1,32,camioneros,7
39,Varon,universitario,3,2,33,plomeros,2
39,Varon,universitario,3,2,34,bomberos,6
39,Varon,universitario,3,3,35,carpinteros ,5
39,Varon,universitario,3,3,36,herreros,2
40,Varon,universitario,1,1,19,niños,6
40,Varon,universitario,1,1,20,hermanos,6
40,Varon,universitario,1,2,21,maestros ,6
40,Varon,universitario,1,2,22,alumnos,6
40,Varon,universitario,1,3,23,abuelos,2
40,Varon,universitario,1,3,24,hijos,7
40,Varon,universitario,2,1,25,cocineros ,3
40,Varon,universitario,2,1,26,funcionarios,4
40,Varon,universitario,2,2,27,enfermeros,6
40,Varon,universitario,2,2,28,cirujanos,6
40,Varon,universitario,2,3,29,ingenieros,6
40,Varon,universitario,2,3,30,arquitectos,6
40,Varon,universitario,3,1,31,porteros,2
40,Varon,universitario,3,1,32,camioneros,2
40,Varon,universitario,3,2,33,plomeros,3
40,Varon,universitario,3,2,34,bomberos,6
40,Varon,universitario,3,3,35,carpinteros ,4
40,Varon,universitario,3,3,36,herreros,5
41,Mujer,universitario,1,1,19,niños,7
41,Mujer,universitario,1,1,20,hermanos,7
41,Mujer,universitario,1,2,21,maestros ,1
41,Mujer,universitario,1,2,22,alumnos,1
41,Mujer,universitario,1,3,23,abuelos,1
41,Mujer,universitario,1,3,24,hijos,1
41,Mujer,universitario,2,1,25,cocineros ,7
41,Mujer,universitario,2,1,26,funcionarios,7
41,Mujer,universitario,2,2,27,enfermeros,1
41,Mujer,universitario,2,2,28,cirujanos,1
41,Mujer,universitario,2,3,29,ingenieros,1
41,Mujer,universitario,2,3,30,arquitectos,1
41,Mujer,universitario,3,1,31,porteros,7
41,Mujer,universitario,3,1,32,camioneros,7
41,Mujer,universitario,3,2,33,plomeros,1
41,Mujer,universitario,3,2,34,bomberos,1
41,Mujer,universitario,3,3,35,carpinteros ,1
41,Mujer,universitario,3,3,36,herreros,1
42,Mujer,secundario/universitario,1,1,19,niños,6
42,Mujer,secundario/universitario,1,1,20,hermanos,5
42,Mujer,secundario/universitario,1,2,21,maestros ,6
42,Mujer,secundario/universitario,1,2,22,alumnos,6
42,Mujer,secundario/universitario,1,3,23,abuelos,7
42,Mujer,secundario/universitario,1,3,24,hijos,7
42,Mujer,secundario/universitario,2,1,25,cocineros ,6
42,Mujer,secundario/universitario,2,1,26,funcionarios,7
42,Mujer,secundario/universitario,2,2,27,enfermeros,6
42,Mujer,secundario/universitario,2,2,28,cirujanos,5
42,Mujer,secundario/universitario,2,3,29,ingenieros,7
42,Mujer,secundario/universitario,2,3,30,arquitectos,7
42,Mujer,secundario/universitario,3,1,31,porteros,7
42,Mujer,secundario/universitario,3,1,32,camioneros,1
42,Mujer,secundario/universitario,3,2,33,plomeros,5
42,Mujer,secundario/universitario,3,2,34,bomberos,5
42,Mujer,secundario/universitario,3,3,35,carpinteros ,7
42,Mujer,secundario/universitario,3,3,36,herreros,7
43,Varon,universitario,1,1,19,niños,7
43,Varon,universitario,1,1,20,hermanos,7
43,Varon,universitario,1,2,21,maestros ,7
43,Varon,universitario,1,2,22,alumnos,7
43,Varon,universitario,1,3,23,abuelos,5
43,Varon,universitario,1,3,24,hijos,5
43,Varon,universitario,2,1,25,cocineros ,7
43,Varon,universitario,2,1,26,funcionarios,7
43,Varon,universitario,2,2,27,enfermeros,7
43,Varon,universitario,2,2,28,cirujanos,7
43,Varon,universitario,2,3,29,ingenieros,5
43,Varon,universitario,2,3,30,arquitectos,5
43,Varon,universitario,3,1,31,porteros,7
43,Varon,universitario,3,1,32,camioneros,7
43,Varon,universitario,3,2,33,plomeros,7
43,Varon,universitario,3,2,34,bomberos,7
43,Varon,universitario,3,3,35,carpinteros ,5
43,Varon,universitario,3,3,36,herreros,5
44,Mujer,secundario/universitario,1,1,19,niños,5
44,Mujer,secundario/universitario,1,1,20,hermanos,5
44,Mujer,secundario/universitario,1,2,21,maestros ,2
44,Mujer,secundario/universitario,1,2,22,alumnos,2
44,Mujer,secundario/universitario,1,3,23,abuelos,2
44,Mujer,secundario/universitario,1,3,24,hijos,2
44,Mujer,secundario/universitario,2,1,25,cocineros ,3
44,Mujer,secundario/universitario,2,1,26,funcionarios,5
44,Mujer,secundario/universitario,2,2,27,enfermeros,2
44,Mujer,secundario/universitario,2,2,28,cirujanos,3
44,Mujer,secundario/universitario,2,3,29,ingenieros,2
44,Mujer,secundario/universitario,2,3,30,arquitectos,1
44,Mujer,secundario/universitario,3,1,31,porteros,3
44,Mujer,secundario/universitario,3,1,32,camioneros,2
44,Mujer,secundario/universitario,3,2,33,plomeros,3
44,Mujer,secundario/universitario,3,2,34,bomberos,2
44,Mujer,secundario/universitario,3,3,35,carpinteros ,3
44,Mujer,secundario/universitario,3,3,36,herreros,3
45,Varon,universitario,1,1,19,niños,7
45,Varon,universitario,1,1,20,hermanos,7
45,Varon,universitario,1,2,21,maestros ,1
45,Varon,universitario,1,2,22,alumnos,1
45,Varon,universitario,1,3,23,abuelos,1
45,Varon,universitario,1,3,24,hijos,1
45,Varon,universitario,2,1,25,cocineros ,7
45,Varon,universitario,2,1,26,funcionarios,7
45,Varon,universitario,2,2,27,enfermeros,1
45,Varon,universitario,2,2,28,cirujanos,1
45,Varon,universitario,2,3,29,ingenieros,1
45,Varon,universitario,2,3,30,arquitectos,1
45,Varon,universitario,3,1,31,porteros,7
45,Varon,universitario,3,1,32,camioneros,7
45,Varon,universitario,3,2,33,plomeros,1
45,Varon,universitario,3,2,34,bomberos,1
45,Varon,universitario,3,3,35,carpinteros ,1
45,Varon,universitario,3,3,36,herreros,1
46,Mujer,universitario,1,1,19,niños,7
46,Mujer,universitario,1,1,20,hermanos,7
46,Mujer,universitario,1,2,21,maestros ,3
46,Mujer,universitario,1,2,22,alumnos,4
46,Mujer,universitario,1,3,23,abuelos,2
46,Mujer,universitario,1,3,24,hijos,3
46,Mujer,universitario,2,1,25,cocineros ,7
46,Mujer,universitario,2,1,26,funcionarios,7
46,Mujer,universitario,2,2,27,enfermeros,2
46,Mujer,universitario,2,2,28,cirujanos,4
46,Mujer,universitario,2,3,29,ingenieros,2
46,Mujer,universitario,2,3,30,arquitectos,3
46,Mujer,universitario,3,1,31,porteros,7
46,Mujer,universitario,3,1,32,camioneros,7
46,Mujer,universitario,3,2,33,plomeros,4
46,Mujer,universitario,3,2,34,bomberos,2
46,Mujer,universitario,3,3,35,carpinteros ,1
46,Mujer,universitario,3,3,36,herreros,1
47,Varon,universitario,1,1,19,niños,7
47,Varon,universitario,1,1,20,hermanos,7
47,Varon,universitario,1,2,21,maestros ,7
47,Varon,universitario,1,2,22,alumnos,7
47,Varon,universitario,1,3,23,abuelos,6
47,Varon,universitario,1,3,24,hijos,7
47,Varon,universitario,2,1,25,cocineros ,6
47,Varon,universitario,2,1,26,funcionarios,7
47,Varon,universitario,2,2,27,enfermeros,7
47,Varon,universitario,2,2,28,cirujanos,6
47,Varon,universitario,2,3,29,ingenieros,3
47,Varon,universitario,2,3,30,arquitectos,4
47,Varon,universitario,3,1,31,porteros,7
47,Varon,universitario,3,1,32,camioneros,7
47,Varon,universitario,3,2,33,plomeros,2
47,Varon,universitario,3,2,34,bomberos,2
47,Varon,universitario,3,3,35,carpinteros ,3
47,Varon,universitario,3,3,36,herreros,3
48,Mujer,universitario,1,1,19,niños,7
48,Mujer,universitario,1,1,20,hermanos,7
48,Mujer,universitario,1,2,21,maestros ,5
48,Mujer,universitario,1,2,22,alumnos,6
48,Mujer,universitario,1,3,23,abuelos,1
48,Mujer,universitario,1,3,24,hijos,2
48,Mujer,universitario,2,1,25,cocineros ,4
48,Mujer,universitario,2,1,26,funcionarios,7
48,Mujer,universitario,2,2,27,enfermeros,3
48,Mujer,universitario,2,2,28,cirujanos,4
48,Mujer,universitario,2,3,29,ingenieros,2
48,Mujer,universitario,2,3,30,arquitectos,2
48,Mujer,universitario,3,1,31,porteros,1
48,Mujer,universitario,3,1,32,camioneros,7
48,Mujer,universitario,3,2,33,plomeros,2
48,Mujer,universitario,3,2,34,bomberos,2
48,Mujer,universitario,3,3,35,carpinteros ,2
48,Mujer,universitario,3,3,36,herreros,1
49,Varon,universitario,1,1,19,niños,5
49,Varon,universitario,1,1,20,hermanos,3
49,Varon,universitario,1,2,21,maestros ,6
49,Varon,universitario,1,2,22,alumnos,6
49,Varon,universitario,1,3,23,abuelos,6
49,Varon,universitario,1,3,24,hijos,6
49,Varon,universitario,2,1,25,cocineros ,2
49,Varon,universitario,2,1,26,funcionarios,4
49,Varon,universitario,2,2,27,enfermeros,6
49,Varon,universitario,2,2,28,cirujanos,6
49,Varon,universitario,2,3,29,ingenieros,6
49,Varon,universitario,2,3,30,arquitectos,6
49,Varon,universitario,3,1,31,porteros,2
49,Varon,universitario,3,1,32,camioneros,2
49,Varon,universitario,3,2,33,plomeros,6
49,Varon,universitario,3,2,34,bomberos,6
49,Varon,universitario,3,3,35,carpinteros ,6
49,Varon,universitario,3,3,36,herreros,6
50,Mujer,secundario/universitario,1,1,19,niños,7
50,Mujer,secundario/universitario,1,1,20,hermanos,7
50,Mujer,secundario/universitario,1,2,21,maestros ,3
50,Mujer,secundario/universitario,1,2,22,alumnos,4
50,Mujer,secundario/universitario,1,3,23,abuelos,2
50,Mujer,secundario/universitario,1,3,24,hijos,4
50,Mujer,secundario/universitario,2,1,25,cocineros ,7
50,Mujer,secundario/universitario,2,1,26,funcionarios,7
50,Mujer,secundario/universitario,2,2,27,enfermeros,1
50,Mujer,secundario/universitario,2,2,28,cirujanos,2
50,Mujer,secundario/universitario,2,3,29,ingenieros,1
50,Mujer,secundario/universitario,2,3,30,arquitectos,1
50,Mujer,secundario/universitario,3,1,31,porteros,7
50,Mujer,secundario/universitario,3,1,32,camioneros,7
50,Mujer,secundario/universitario,3,2,33,plomeros,1
50,Mujer,secundario/universitario,3,2,34,bomberos,1
50,Mujer,secundario/universitario,3,3,35,carpinteros ,1
50,Mujer,secundario/universitario,3,3,36,herreros,1
51,Mujer,universitario,1,1,37,abuelos,7
51,Mujer,universitario,1,1,38,hijos,7
51,Mujer,universitario,1,2,39,niños,1
51,Mujer,universitario,1,2,40,hermanos,1
51,Mujer,universitario,1,3,41,maestros,1
51,Mujer,universitario,1,3,42,alumnos,1
51,Mujer,universitario,2,1,43,ingenieros,7
51,Mujer,universitario,2,1,44,arquitectos,7
51,Mujer,universitario,2,2,45,cocineros,1
51,Mujer,universitario,2,2,46,funcionarios,1
51,Mujer,universitario,2,3,47,enfermeros,1
51,Mujer,universitario,2,3,48,cirujanos,1
51,Mujer,universitario,3,1,49,carpinteros,7
51,Mujer,universitario,3,1,50,herreros,7
51,Mujer,universitario,3,2,51,porteros,1
51,Mujer,universitario,3,2,52,camioneros,1
51,Mujer,universitario,3,3,53,plomeros,1
51,Mujer,universitario,3,3,54,bomberos,1
52,Mujer,secundario/universitario,1,1,37,abuelos,7
52,Mujer,secundario/universitario,1,1,38,hijos,7
52,Mujer,secundario/universitario,1,2,39,niños,7
52,Mujer,secundario/universitario,1,2,40,hermanos,7
52,Mujer,secundario/universitario,1,3,41,maestros,1
52,Mujer,secundario/universitario,1,3,42,alumnos,1
52,Mujer,secundario/universitario,2,1,43,ingenieros,7
52,Mujer,secundario/universitario,2,1,44,arquitectos,7
52,Mujer,secundario/universitario,2,2,45,cocineros,7
52,Mujer,secundario/universitario,2,2,46,funcionarios,7
52,Mujer,secundario/universitario,2,3,47,enfermeros,1
52,Mujer,secundario/universitario,2,3,48,cirujanos,1
52,Mujer,secundario/universitario,3,1,49,carpinteros,7
52,Mujer,secundario/universitario,3,1,50,herreros,7
52,Mujer,secundario/universitario,3,2,51,porteros,7
52,Mujer,secundario/universitario,3,2,52,camioneros,7
52,Mujer,secundario/universitario,3,3,53,plomeros,1
52,Mujer,secundario/universitario,3,3,54,bomberos,1
53,Mujer,secundario/universitario,1,1,37,abuelos,7
53,Mujer,secundario/universitario,1,1,38,hijos,7
53,Mujer,secundario/universitario,1,2,39,niños,7
53,Mujer,secundario/universitario,1,2,40,hermanos,7
53,Mujer,secundario/universitario,1,3,41,maestros,4
53,Mujer,secundario/universitario,1,3,42,alumnos,5
53,Mujer,secundario/universitario,2,1,43,ingenieros,7
53,Mujer,secundario/universitario,2,1,44,arquitectos,7
53,Mujer,secundario/universitario,2,2,45,cocineros,7
53,Mujer,secundario/universitario,2,2,46,funcionarios,7
53,Mujer,secundario/universitario,2,3,47,enfermeros,4
53,Mujer,secundario/universitario,2,3,48,cirujanos,4
53,Mujer,secundario/universitario,3,1,49,carpinteros,7
53,Mujer,secundario/universitario,3,1,50,herreros,7
53,Mujer,secundario/universitario,3,2,51,porteros,7
53,Mujer,secundario/universitario,3,2,52,camioneros,7
53,Mujer,secundario/universitario,3,3,53,plomeros,4
53,Mujer,secundario/universitario,3,3,54,bomberos,4
54,Mujer,universitario,1,1,37,abuelos,1
54,Mujer,universitario,1,1,38,hijos,1
54,Mujer,universitario,1,2,39,niños,7
54,Mujer,universitario,1,2,40,hermanos,7
54,Mujer,universitario,1,3,41,maestros,7
54,Mujer,universitario,1,3,42,alumnos,7
54,Mujer,universitario,2,1,43,ingenieros,1
54,Mujer,universitario,2,1,44,arquitectos,1
54,Mujer,universitario,2,2,45,cocineros,7
54,Mujer,universitario,2,2,46,funcionarios,7
54,Mujer,universitario,2,3,47,enfermeros,7
54,Mujer,universitario,2,3,48,cirujanos,7
54,Mujer,universitario,3,1,49,carpinteros,1
54,Mujer,universitario,3,1,50,herreros,1
54,Mujer,universitario,3,2,51,porteros,7
54,Mujer,universitario,3,2,52,camioneros,7
54,Mujer,universitario,3,3,53,plomeros,7
54,Mujer,universitario,3,3,54,bomberos,7
55,Mujer,universitario,1,1,37,abuelos,1
55,Mujer,universitario,1,1,38,hijos,1
55,Mujer,universitario,1,2,39,niños,7
55,Mujer,universitario,1,2,40,hermanos,7
55,Mujer,universitario,1,3,41,maestros,7
55,Mujer,universitario,1,3,42,alumnos,7
55,Mujer,universitario,2,1,43,ingenieros,1
55,Mujer,universitario,2,1,44,arquitectos,1
55,Mujer,universitario,2,2,45,cocineros,7
55,Mujer,universitario,2,2,46,funcionarios,7
55,Mujer,universitario,2,3,47,enfermeros,7
55,Mujer,universitario,2,3,48,cirujanos,7
55,Mujer,universitario,3,1,49,carpinteros,1
55,Mujer,universitario,3,1,50,herreros,1
55,Mujer,universitario,3,2,51,porteros,7
55,Mujer,universitario,3,2,52,camioneros,6
55,Mujer,universitario,3,3,53,plomeros,6
55,Mujer,universitario,3,3,54,bomberos,7
56,Mujer,universitario,1,1,37,abuelos,5
56,Mujer,universitario,1,1,38,hijos,4
56,Mujer,universitario,1,2,39,niños,7
56,Mujer,universitario,1,2,40,hermanos,7
56,Mujer,universitario,1,3,41,maestros,7
56,Mujer,universitario,1,3,42,alumnos,7
56,Mujer,universitario,2,1,43,ingenieros,2
56,Mujer,universitario,2,1,44,arquitectos,2
56,Mujer,universitario,2,2,45,cocineros,7
56,Mujer,universitario,2,2,46,funcionarios,7
56,Mujer,universitario,2,3,47,enfermeros,4
56,Mujer,universitario,2,3,48,cirujanos,7
56,Mujer,universitario,3,1,49,carpinteros,2
56,Mujer,universitario,3,1,50,herreros,2
56,Mujer,universitario,3,2,51,porteros,7
56,Mujer,universitario,3,2,52,camioneros,2
56,Mujer,universitario,3,3,53,plomeros,7
56,Mujer,universitario,3,3,54,bomberos,3
57,Mujer,secundario/universitario,1,1,37,abuelos,4
57,Mujer,secundario/universitario,1,1,38,hijos,5
57,Mujer,secundario/universitario,1,2,39,niños,7
57,Mujer,secundario/universitario,1,2,40,hermanos,7
57,Mujer,secundario/universitario,1,3,41,maestros,7
57,Mujer,secundario/universitario,1,3,42,alumnos,7
57,Mujer,secundario/universitario,2,1,43,ingenieros,4
57,Mujer,secundario/universitario,2,1,44,arquitectos,4
57,Mujer,secundario/universitario,2,2,45,cocineros,7
57,Mujer,secundario/universitario,2,2,46,funcionarios,7
57,Mujer,secundario/universitario,2,3,47,enfermeros,7
57,Mujer,secundario/universitario,2,3,48,cirujanos,7
57,Mujer,secundario/universitario,3,1,49,carpinteros,4
57,Mujer,secundario/universitario,3,1,50,herreros,5
57,Mujer,secundario/universitario,3,2,51,porteros,7
57,Mujer,secundario/universitario,3,2,52,camioneros,7
57,Mujer,secundario/universitario,3,3,53,plomeros,4
57,Mujer,secundario/universitario,3,3,54,bomberos,5
58,Varon,secundario/universitario,1,1,37,abuelos,6
58,Varon,secundario/universitario,1,1,38,hijos,6
58,Varon,secundario/universitario,1,2,39,niños,3
58,Varon,secundario/universitario,1,2,40,hermanos,2
58,Varon,secundario/universitario,1,3,41,maestros,2
58,Varon,secundario/universitario,1,3,42,alumnos,2
58,Varon,secundario/universitario,2,1,43,ingenieros,6
58,Varon,secundario/universitario,2,1,44,arquitectos,6
58,Varon,secundario/universitario,2,2,45,cocineros,3
58,Varon,secundario/universitario,2,2,46,funcionarios,2
58,Varon,secundario/universitario,2,3,47,enfermeros,2
58,Varon,secundario/universitario,2,3,48,cirujanos,2
58,Varon,secundario/universitario,3,1,49,carpinteros,6
58,Varon,secundario/universitario,3,1,50,herreros,6
58,Varon,secundario/universitario,3,2,51,porteros,6
58,Varon,secundario/universitario,3,2,52,camioneros,2
58,Varon,secundario/universitario,3,3,53,plomeros,2
58,Varon,secundario/universitario,3,3,54,bomberos,2
59,Mujer,secundario/universitario,1,1,37,abuelos,7
59,Mujer,secundario/universitario,1,1,38,hijos,7
59,Mujer,secundario/universitario,1,2,39,niños,1
59,Mujer,secundario/universitario,1,2,40,hermanos,1
59,Mujer,secundario/universitario,1,3,41,maestros,2
59,Mujer,secundario/universitario,1,3,42,alumnos,1
59,Mujer,secundario/universitario,2,1,43,ingenieros,7
59,Mujer,secundario/universitario,2,1,44,arquitectos,7
59,Mujer,secundario/universitario,2,2,45,cocineros,1
59,Mujer,secundario/universitario,2,2,46,funcionarios,3
59,Mujer,secundario/universitario,2,3,47,enfermeros,2
59,Mujer,secundario/universitario,2,3,48,cirujanos,2
59,Mujer,secundario/universitario,3,1,49,carpinteros,7
59,Mujer,secundario/universitario,3,1,50,herreros,7
59,Mujer,secundario/universitario,3,2,51,porteros,3
59,Mujer,secundario/universitario,3,2,52,camioneros,4
59,Mujer,secundario/universitario,3,3,53,plomeros,3
59,Mujer,secundario/universitario,3,3,54,bomberos,3
60,Mujer,secundario/universitario,1,1,37,abuelos,7
60,Mujer,secundario/universitario,1,1,38,hijos,7
60,Mujer,secundario/universitario,1,2,39,niños,1
60,Mujer,secundario/universitario,1,2,40,hermanos,1
60,Mujer,secundario/universitario,1,3,41,maestros,1
60,Mujer,secundario/universitario,1,3,42,alumnos,1
60,Mujer,secundario/universitario,2,1,43,ingenieros,7
60,Mujer,secundario/universitario,2,1,44,arquitectos,7
60,Mujer,secundario/universitario,2,2,45,cocineros,1
60,Mujer,secundario/universitario,2,2,46,funcionarios,1
60,Mujer,secundario/universitario,2,3,47,enfermeros,1
60,Mujer,secundario/universitario,2,3,48,cirujanos,1
60,Mujer,secundario/universitario,3,1,49,carpinteros,7
60,Mujer,secundario/universitario,3,1,50,herreros,7
60,Mujer,secundario/universitario,3,2,51,porteros,1
60,Mujer,secundario/universitario,3,2,52,camioneros,1
60,Mujer,secundario/universitario,3,3,53,plomeros,1
60,Mujer,secundario/universitario,3,3,54,bomberos,1
61,Mujer,secundario/universitario,1,1,37,abuelos,4
61,Mujer,secundario/universitario,1,1,38,hijos,7
61,Mujer,secundario/universitario,1,2,39,niños,1
61,Mujer,secundario/universitario,1,2,40,hermanos,1
61,Mujer,secundario/universitario,1,3,41,maestros,5
61,Mujer,secundario/universitario,1,3,42,alumnos,3
61,Mujer,secundario/universitario,2,1,43,ingenieros,7
61,Mujer,secundario/universitario,2,1,44,arquitectos,6
61,Mujer,secundario/universitario,2,2,45,cocineros,1
61,Mujer,secundario/universitario,2,2,46,funcionarios,1
61,Mujer,secundario/universitario,2,3,47,enfermeros,3
61,Mujer,secundario/universitario,2,3,48,cirujanos,4
61,Mujer,secundario/universitario,3,1,49,carpinteros,6
61,Mujer,secundario/universitario,3,1,50,herreros,6
61,Mujer,secundario/universitario,3,2,51,porteros,1
61,Mujer,secundario/universitario,3,2,52,camioneros,1
61,Mujer,secundario/universitario,3,3,53,plomeros,3
61,Mujer,secundario/universitario,3,3,54,bomberos,3
62,Mujer,secundario/universitario,1,1,37,abuelos,3
62,Mujer,secundario/universitario,1,1,38,hijos,3
62,Mujer,secundario/universitario,1,2,39,niños,7
62,Mujer,secundario/universitario,1,2,40,hermanos,6
62,Mujer,secundario/universitario,1,3,41,maestros,6
62,Mujer,secundario/universitario,1,3,42,alumnos,6
62,Mujer,secundario/universitario,2,1,43,ingenieros,4
62,Mujer,secundario/universitario,2,1,44,arquitectos,3
62,Mujer,secundario/universitario,2,2,45,cocineros,6
62,Mujer,secundario/universitario,2,2,46,funcionarios,6
62,Mujer,secundario/universitario,2,3,47,enfermeros,6
62,Mujer,secundario/universitario,2,3,48,cirujanos,6
62,Mujer,secundario/universitario,3,1,49,carpinteros,2
62,Mujer,secundario/universitario,3,1,50,herreros,2
62,Mujer,secundario/universitario,3,2,51,porteros,6
62,Mujer,secundario/universitario,3,2,52,camioneros,6
62,Mujer,secundario/universitario,3,3,53,plomeros,6
62,Mujer,secundario/universitario,3,3,54,bomberos,6
63,Mujer,secundario/universitario,1,1,37,abuelos,2
63,Mujer,secundario/universitario,1,1,38,hijos,1
63,Mujer,secundario/universitario,1,2,39,niños,7
63,Mujer,secundario/universitario,1,2,40,hermanos,7
63,Mujer,secundario/universitario,1,3,41,maestros,7
63,Mujer,secundario/universitario,1,3,42,alumnos,7
63,Mujer,secundario/universitario,2,1,43,ingenieros,2
63,Mujer,secundario/universitario,2,1,44,arquitectos,1
63,Mujer,secundario/universitario,2,2,45,cocineros,7
63,Mujer,secundario/universitario,2,2,46,funcionarios,7
63,Mujer,secundario/universitario,2,3,47,enfermeros,7
63,Mujer,secundario/universitario,2,3,48,cirujanos,7
63,Mujer,secundario/universitario,3,1,49,carpinteros,2
63,Mujer,secundario/universitario,3,1,50,herreros,2
63,Mujer,secundario/universitario,3,2,51,porteros,3
63,Mujer,secundario/universitario,3,2,52,camioneros,7
63,Mujer,secundario/universitario,3,3,53,plomeros,7
63,Mujer,secundario/universitario,3,3,54,bomberos,7
64,Mujer,universitario,1,1,37,abuelos,1
64,Mujer,universitario,1,1,38,hijos,1
64,Mujer,universitario,1,2,39,niños,7
64,Mujer,universitario,1,2,40,hermanos,7
64,Mujer,universitario,1,3,41,maestros,7
64,Mujer,universitario,1,3,42,alumnos,7
64,Mujer,universitario,2,1,43,ingenieros,1
64,Mujer,universitario,2,1,44,arquitectos,1
64,Mujer,universitario,2,2,45,cocineros,7
64,Mujer,universitario,2,2,46,funcionarios,7
64,Mujer,universitario,2,3,47,enfermeros,7
64,Mujer,universitario,2,3,48,cirujanos,7
64,Mujer,universitario,3,1,49,carpinteros,1
64,Mujer,universitario,3,1,50,herreros,1
64,Mujer,universitario,3,2,51,porteros,7
64,Mujer,universitario,3,2,52,camioneros,7
64,Mujer,universitario,3,3,53,plomeros,7
64,Mujer,universitario,3,3,54,bomberos,7
65,Mujer,secundario/universitario,1,1,37,abuelos,7
65,Mujer,secundario/universitario,1,1,38,hijos,7
65,Mujer,secundario/universitario,1,2,39,niños,4
65,Mujer,secundario/universitario,1,2,40,hermanos,4
65,Mujer,secundario/universitario,1,3,41,maestros,1
65,Mujer,secundario/universitario,1,3,42,alumnos,1
65,Mujer,secundario/universitario,2,1,43,ingenieros,7
65,Mujer,secundario/universitario,2,1,44,arquitectos,7
65,Mujer,secundario/universitario,2,2,45,cocineros,1
65,Mujer,secundario/universitario,2,2,46,funcionarios,1
65,Mujer,secundario/universitario,2,3,47,enfermeros,1
65,Mujer,secundario/universitario,2,3,48,cirujanos,1
65,Mujer,secundario/universitario,3,1,49,carpinteros,7
65,Mujer,secundario/universitario,3,1,50,herreros,7
65,Mujer,secundario/universitario,3,2,51,porteros,1
65,Mujer,secundario/universitario,3,2,52,camioneros,1
65,Mujer,secundario/universitario,3,3,53,plomeros,1
65,Mujer,secundario/universitario,3,3,54,bomberos,2
66,Mujer,secundario/universitario,1,1,37,abuelos,7
66,Mujer,secundario/universitario,1,1,38,hijos,7
66,Mujer,secundario/universitario,1,2,39,niños,6
66,Mujer,secundario/universitario,1,2,40,hermanos,6
66,Mujer,secundario/universitario,1,3,41,maestros,4
66,Mujer,secundario/universitario,1,3,42,alumnos,4
66,Mujer,secundario/universitario,2,1,43,ingenieros,7
66,Mujer,secundario/universitario,2,1,44,arquitectos,7
66,Mujer,secundario/universitario,2,2,45,cocineros,6
66,Mujer,secundario/universitario,2,2,46,funcionarios,4
66,Mujer,secundario/universitario,2,3,47,enfermeros,4
66,Mujer,secundario/universitario,2,3,48,cirujanos,4
66,Mujer,secundario/universitario,3,1,49,carpinteros,7
66,Mujer,secundario/universitario,3,1,50,herreros,7
66,Mujer,secundario/universitario,3,2,51,porteros,6
66,Mujer,secundario/universitario,3,2,52,camioneros,5
66,Mujer,secundario/universitario,3,3,53,plomeros,3
66,Mujer,secundario/universitario,3,3,54,bomberos,4
67,Varon,universitario,1,1,37,abuelos,7
67,Varon,universitario,1,1,38,hijos,7
67,Varon,universitario,1,2,39,niños,6
67,Varon,universitario,1,2,40,hermanos,4
67,Varon,universitario,1,3,41,maestros,1
67,Varon,universitario,1,3,42,alumnos,3
67,Varon,universitario,2,1,43,ingenieros,7
67,Varon,universitario,2,1,44,arquitectos,7
67,Varon,universitario,2,2,45,cocineros,6
67,Varon,universitario,2,2,46,funcionarios,3
67,Varon,universitario,2,3,47,enfermeros,2
67,Varon,universitario,2,3,48,cirujanos,1
67,Varon,universitario,3,1,49,carpinteros,7
67,Varon,universitario,3,1,50,herreros,7
67,Varon,universitario,3,2,51,porteros,1
67,Varon,universitario,3,2,52,camioneros,1
67,Varon,universitario,3,3,53,plomeros,1
67,Varon,universitario,3,3,54,bomberos,1
68,Varon,secundario/universitario,1,1,37,abuelos,7
68,Varon,secundario/universitario,1,1,38,hijos,7
68,Varon,secundario/universitario,1,2,39,niños,6
68,Varon,secundario/universitario,1,2,40,hermanos,4
68,Varon,secundario/universitario,1,3,41,maestros,3
68,Varon,secundario/universitario,1,3,42,alumnos,6
68,Varon,secundario/universitario,2,1,43,ingenieros,7
68,Varon,secundario/universitario,2,1,44,arquitectos,7
68,Varon,secundario/universitario,2,2,45,cocineros,4
68,Varon,secundario/universitario,2,2,46,funcionarios,5
68,Varon,secundario/universitario,2,3,47,enfermeros,3
68,Varon,secundario/universitario,2,3,48,cirujanos,3
68,Varon,secundario/universitario,3,1,49,carpinteros,7
68,Varon,secundario/universitario,3,1,50,herreros,7
68,Varon,secundario/universitario,3,2,51,porteros,3
68,Varon,secundario/universitario,3,2,52,camioneros,5
68,Varon,secundario/universitario,3,3,53,plomeros,1
68,Varon,secundario/universitario,3,3,54,bomberos,3
69,Mujer,secundario/universitario,1,1,37,abuelos,7
69,Mujer,secundario/universitario,1,1,38,hijos,7
69,Mujer,secundario/universitario,1,2,39,niños,1
69,Mujer,secundario/universitario,1,2,40,hermanos,1
69,Mujer,secundario/universitario,1,3,41,maestros,1
69,Mujer,secundario/universitario,1,3,42,alumnos,1
69,Mujer,secundario/universitario,2,1,43,ingenieros,7
69,Mujer,secundario/universitario,2,1,44,arquitectos,7
69,Mujer,secundario/universitario,2,2,45,cocineros,1
69,Mujer,secundario/universitario,2,2,46,funcionarios,1
69,Mujer,secundario/universitario,2,3,47,enfermeros,1
69,Mujer,secundario/universitario,2,3,48,cirujanos,1
69,Mujer,secundario/universitario,3,1,49,carpinteros,7
69,Mujer,secundario/universitario,3,1,50,herreros,7
69,Mujer,secundario/universitario,3,2,51,porteros,1
69,Mujer,secundario/universitario,3,2,52,camioneros,1
69,Mujer,secundario/universitario,3,3,53,plomeros,1
69,Mujer,secundario/universitario,3,3,54,bomberos,1
70,Mujer,secundario/universitario,1,1,37,abuelos,7
70,Mujer,secundario/universitario,1,1,38,hijos,7
70,Mujer,secundario/universitario,1,2,39,niños,2
70,Mujer,secundario/universitario,1,2,40,hermanos,1
70,Mujer,secundario/universitario,1,3,41,maestros,3
70,Mujer,secundario/universitario,1,3,42,alumnos,3
70,Mujer,secundario/universitario,2,1,43,ingenieros,7
70,Mujer,secundario/universitario,2,1,44,arquitectos,7
70,Mujer,secundario/universitario,2,2,45,cocineros,2
70,Mujer,secundario/universitario,2,2,46,funcionarios,2
70,Mujer,secundario/universitario,2,3,47,enfermeros,3
70,Mujer,secundario/universitario,2,3,48,cirujanos,3
70,Mujer,secundario/universitario,3,1,49,carpinteros,7
70,Mujer,secundario/universitario,3,1,50,herreros,7
70,Mujer,secundario/universitario,3,2,51,porteros,2
70,Mujer,secundario/universitario,3,2,52,camioneros,2
70,Mujer,secundario/universitario,3,3,53,plomeros,3
70,Mujer,secundario/universitario,3,3,54,bomberos,3
71,Mujer,secundario/universitario,1,1,37,abuelos,7
71,Mujer,secundario/universitario,1,1,38,hijos,7
71,Mujer,secundario/universitario,1,2,39,niños,7
71,Mujer,secundario/universitario,1,2,40,hermanos,7
71,Mujer,secundario/universitario,1,3,41,maestros,3
71,Mujer,secundario/universitario,1,3,42,alumnos,2
71,Mujer,secundario/universitario,2,1,43,ingenieros,7
71,Mujer,secundario/universitario,2,1,44,arquitectos,7
71,Mujer,secundario/universitario,2,2,45,cocineros,1
71,Mujer,secundario/universitario,2,2,46,funcionarios,6
71,Mujer,secundario/universitario,2,3,47,enfermeros,3
71,Mujer,secundario/universitario,2,3,48,cirujanos,1
71,Mujer,secundario/universitario,3,1,49,carpinteros,7
71,Mujer,secundario/universitario,3,1,50,herreros,7
71,Mujer,secundario/universitario,3,2,51,porteros,7
71,Mujer,secundario/universitario,3,2,52,camioneros,7
71,Mujer,secundario/universitario,3,3,53,plomeros,1
71,Mujer,secundario/universitario,3,3,54,bomberos,1
72,Mujer,secundario/universitario,1,1,37,abuelos,1
72,Mujer,secundario/universitario,1,1,38,hijos,3
72,Mujer,secundario/universitario,1,2,39,niños,7
72,Mujer,secundario/universitario,1,2,40,hermanos,7
72,Mujer,secundario/universitario,1,3,41,maestros,7
72,Mujer,secundario/universitario,1,3,42,alumnos,7
72,Mujer,secundario/universitario,2,1,43,ingenieros,5
72,Mujer,secundario/universitario,2,1,44,arquitectos,1
72,Mujer,secundario/universitario,2,2,45,cocineros,7
72,Mujer,secundario/universitario,2,2,46,funcionarios,7
72,Mujer,secundario/universitario,2,3,47,enfermeros,7
72,Mujer,secundario/universitario,2,3,48,cirujanos,3
72,Mujer,secundario/universitario,3,1,49,carpinteros,2
72,Mujer,secundario/universitario,3,1,50,herreros,2
72,Mujer,secundario/universitario,3,2,51,porteros,2
72,Mujer,secundario/universitario,3,2,52,camioneros,3
72,Mujer,secundario/universitario,3,3,53,plomeros,2
72,Mujer,secundario/universitario,3,3,54,bomberos,2
73,Mujer,universitario,1,1,37,abuelos,1
73,Mujer,universitario,1,1,38,hijos,1
73,Mujer,universitario,1,2,39,niños,7
73,Mujer,universitario,1,2,40,hermanos,7
73,Mujer,universitario,1,3,41,maestros,7
73,Mujer,universitario,1,3,42,alumnos,7
73,Mujer,universitario,2,1,43,ingenieros,1
73,Mujer,universitario,2,1,44,arquitectos,1
73,Mujer,universitario,2,2,45,cocineros,7
73,Mujer,universitario,2,2,46,funcionarios,7
73,Mujer,universitario,2,3,47,enfermeros,7
73,Mujer,universitario,2,3,48,cirujanos,7
73,Mujer,universitario,3,1,49,carpinteros,1
73,Mujer,universitario,3,1,50,herreros,1
73,Mujer,universitario,3,2,51,porteros,7
73,Mujer,universitario,3,2,52,camioneros,7
73,Mujer,universitario,3,3,53,plomeros,7
73,Mujer,universitario,3,3,54,bomberos,7
74,Mujer,secundario/universitario,1,1,37,abuelos,4
74,Mujer,secundario/universitario,1,1,38,hijos,4
74,Mujer,secundario/universitario,1,2,39,niños,7
74,Mujer,secundario/universitario,1,2,40,hermanos,7
74,Mujer,secundario/universitario,1,3,41,maestros,7
74,Mujer,secundario/universitario,1,3,42,alumnos,7
74,Mujer,secundario/universitario,2,1,43,ingenieros,4
74,Mujer,secundario/universitario,2,1,44,arquitectos,4
74,Mujer,secundario/universitario,2,2,45,cocineros,7
74,Mujer,secundario/universitario,2,2,46,funcionarios,7
74,Mujer,secundario/universitario,2,3,47,enfermeros,7
74,Mujer,secundario/universitario,2,3,48,cirujanos,7
74,Mujer,secundario/universitario,3,1,49,carpinteros,4
74,Mujer,secundario/universitario,3,1,50,herreros,4
74,Mujer,secundario/universitario,3,2,51,porteros,7
74,Mujer,secundario/universitario,3,2,52,camioneros,7
74,Mujer,secundario/universitario,3,3,53,plomeros,7
74,Mujer,secundario/universitario,3,3,54,bomberos,7
75,Varon,universitario,1,1,37,abuelos,7
75,Varon,universitario,1,1,38,hijos,7
75,Varon,universitario,1,2,39,niños,1
75,Varon,universitario,1,2,40,hermanos,1
75,Varon,universitario,1,3,41,maestros,1
75,Varon,universitario,1,3,42,alumnos,1
75,Varon,universitario,2,1,43,ingenieros,7
75,Varon,universitario,2,1,44,arquitectos,7
75,Varon,universitario,2,2,45,cocineros,1
75,Varon,universitario,2,2,46,funcionarios,1
75,Varon,universitario,2,3,47,enfermeros,1
75,Varon,universitario,2,3,48,cirujanos,1
75,Varon,universitario,3,1,49,carpinteros,7
75,Varon,universitario,3,1,50,herreros,7
75,Varon,universitario,3,2,51,porteros,1
75,Varon,universitario,3,2,52,camioneros,1
75,Varon,universitario,3,3,53,plomeros,1
75,Varon,universitario,3,3,54,bomberos,1